{
  "AWSTemplateFormatVersion": "2010-09-09",
  "Transform": "AWS::Serverless-2016-10-31",
  "Description": "Serverless REST API with Lambda functions, API Gateway, and DynamoDB",
  "Parameters": {
    "Environment": {
      "Type": "String",
      "Default": "dev",
      "AllowedValues": ["dev", "staging", "prod"],
      "Description": "Environment name"
    },
    "ProjectName": {
      "Type": "String",
      "Default": "serverless-api",
      "Description": "Project name for resource naming",
      "AllowedPattern": "^[a-z0-9-]+$"
    },
    "TableName": {
      "Type": "String",
      "Default": "items",
      "Description": "DynamoDB table name"
    },
    "ApiStageName": {
      "Type": "String",
      "Default": "v1",
      "Description": "API Gateway stage name"
    }
  },
  "Globals": {
    "Function": {
      "Runtime": "python3.11",
      "Timeout": 30,
      "MemorySize": 256,
      "Environment": {
        "Variables": {
          "TABLE_NAME": {"Ref": "DynamoDBTable"},
          "ENVIRONMENT": {"Ref": "Environment"}
        }
      },
      "Tags": {
        "Environment": {"Ref": "Environment"},
        "Project": {"Ref": "ProjectName"}
      }
    }
  },
  "Resources": {
    "DynamoDBTable": {
      "Type": "AWS::DynamoDB::Table",
      "Properties": {
        "TableName": {"Fn::Sub": "${ProjectName}-${Environment}-${TableName}"},
        "BillingMode": "PAY_PER_REQUEST",
        "AttributeDefinitions": [
          {
            "AttributeName": "id",
            "AttributeType": "S"
          }
        ],
        "KeySchema": [
          {
            "AttributeName": "id",
            "KeyType": "HASH"
          }
        ],
        "PointInTimeRecoverySpecification": {
          "PointInTimeRecoveryEnabled": true
        },
        "SSESpecification": {
          "SSEEnabled": true
        },
        "StreamSpecification": {
          "StreamViewType": "NEW_AND_OLD_IMAGES"
        },
        "Tags": [
          {
            "Key": "Name",
            "Value": {"Fn::Sub": "${ProjectName}-${Environment}-${TableName}"}
          },
          {
            "Key": "Environment",
            "Value": {"Ref": "Environment"}
          },
          {
            "Key": "Project",
            "Value": {"Ref": "ProjectName"}
          }
        ]
      }
    },
    "LambdaExecutionRole": {
      "Type": "AWS::IAM::Role",
      "Properties": {
        "RoleName": {"Fn::Sub": "${ProjectName}-${Environment}-lambda-role"},
        "AssumeRolePolicyDocument": {
          "Version": "2012-10-17",
          "Statement": [
            {
              "Effect": "Allow",
              "Principal": {
                "Service": "lambda.amazonaws.com"
              },
              "Action": "sts:AssumeRole"
            }
          ]
        },
        "ManagedPolicyArns": [
          "arn:aws:iam::aws:policy/service-role/AWSLambdaBasicExecutionRole"
        ],
        "Policies": [
          {
            "PolicyName": "DynamoDBAccess",
            "PolicyDocument": {
              "Version": "2012-10-17",
              "Statement": [
                {
                  "Effect": "Allow",
                  "Action": [
                    "dynamodb:GetItem",
                    "dynamodb:PutItem",
                    "dynamodb:UpdateItem",
                    "dynamodb:DeleteItem",
                    "dynamodb:Scan",
                    "dynamodb:Query"
                  ],
                  "Resource": {"Fn::GetAtt": ["DynamoDBTable", "Arn"]}
                }
              ]
            }
          }
        ],
        "Tags": [
          {
            "Key": "Environment",
            "Value": {"Ref": "Environment"}
          },
          {
            "Key": "Project",
            "Value": {"Ref": "ProjectName"}
          }
        ]
      }
    },
    "GetItemsFunction": {
      "Type": "AWS::Serverless::Function",
      "Properties": {
        "FunctionName": {"Fn::Sub": "${ProjectName}-${Environment}-get-items"},
        "CodeUri": "src/get_items/",
        "Handler": "app.lambda_handler",
        "Role": {"Fn::GetAtt": ["LambdaExecutionRole", "Arn"]},
        "Events": {
          "GetItems": {
            "Type": "Api",
            "Properties": {
              "RestApiId": {"Ref": "ApiGateway"},
              "Path": "/items",
              "Method": "GET"
            }
          }
        }
      }
    },
    "ApiGateway": {
      "Type": "AWS::Serverless::Api",
      "Properties": {
        "Name": {"Fn::Sub": "${ProjectName}-${Environment}-api"},
        "StageName": {"Ref": "ApiStageName"},
        "Cors": {
          "AllowMethods": "'GET,POST,PUT,DELETE,OPTIONS'",
          "AllowHeaders": "'Content-Type,X-Amz-Date,Authorization,X-Api-Key,X-Amz-Security-Token'",
          "AllowOrigin": "'*'"
        },
        "Auth": {
          "DefaultAuthorizer": "AWS_IAM"
        },
        "TracingConfig": {
          "TracingEnabled": true
        },
        "Tags": {
          "Environment": {"Ref": "Environment"},
          "Project": {"Ref": "ProjectName"}
        }
      }
    }
  },
  "Outputs": {
    "ApiGatewayUrl": {
      "Description": "API Gateway endpoint URL",
      "Value": {"Fn::Sub": "https://${ApiGateway}.execute-api.${AWS::Region}.amazonaws.com/${ApiStageName}"},
      "Export": {
        "Name": {"Fn::Sub": "${ProjectName}-${Environment}-ApiUrl"}
      }
    },
    "DynamoDBTableName": {
      "Description": "DynamoDB table name",
      "Value": {"Ref": "DynamoDBTable"},
      "Export": {
        "Name": {"Fn::Sub": "${ProjectName}-${Environment}-TableName"}
      }
    }
  }
}